first_name,last_name,email_id
Raymond,Wu,hawkinsshirley@gonzales-butler.com
David,Alexander,angelaburton@yahoo.com
Mary,Flores,ashleywallace@gmail.com
James,Bennett,bshaffer@yahoo.com
Andrew,Lopez,jeremylewis@chung-williams.com
Mary,Walker,robinbaldwin@gmail.com
Shawn,Reyes,youngkelly@gmail.com
Julia,Phillips,nthomas@romero.com
Kara,Avila,kimberlyclarke@sanchez-zimmerman.info
Mason,Fitzgerald,oclark@yahoo.com
Rebecca,Cole,patrick91@gmail.com
Cassie,Smith,pinedalinda@yahoo.com
Dennis,Gibson,greenjacob@parsons.com
Morgan,Sandoval,brittany28@gmail.com
Mark,Griffin,daniel31@phillips.com
Anna,Pierce,eramirez@webster-simon.com
David,Hicks,paulacook@gmail.com
Timothy,Smith,wigginsdennis@miranda.info
Samantha,Newman,cgeorge@gilbert.com
Manuel,Braun,john54@jones-watts.com
Emily,Clay,cmason@gmail.com
Katie,Smith,felicia51@gmail.com
Jeffrey,Mathis,montoyashelly@yahoo.com
Kevin,Buchanan,kimandrew@gmail.com
Steven,Joseph,james73@yahoo.com
Duane,Cooper,danielle23@scott-cobb.net
Brad,Spencer,cynthiamontgomery@gilmore-guzman.com
Carla,Fowler,owilson@hotmail.com
Kimberly,Hutchinson,andrea06@hotmail.com
Sheila,Richards,loristeele@yahoo.com
Brian,Buckley,david25@yahoo.com
Terri,Hull,sharondavis@hotmail.com
Jenna,Harris,richard26@pugh.com
Brian,Gonzalez,joshuamiller@gmail.com
Brandon,Miller,summersjulie@valentine.com
Kelly,Pierce,zwilliams@gmail.com
Jennifer,Miller,jenkinsjames@harrington.org
Michael,Wong,ashleyrivera@baker-meyers.info
Cynthia,Robinson,nicholasharvey@levine-sanchez.org
Steven,Byrd,smithrachel@sherman-miller.net
Chris,Mccann,johnsonkatelyn@lynch.com
David,Taylor,stevensmith@yahoo.com
Michael,Waller,james11@yahoo.com
Stacey,Campbell,eperez@gmail.com
Kenneth,Nguyen,vsalazar@lindsey-miller.com
Theresa,Green,cookwesley@hardy.org
Amy,Pineda,michellespears@hotmail.com
Brian,Garza,dbenson@kelly.biz
Dale,Hill,walkerrobert@gmail.com
Chloe,Young,amyscott@walker.com